importing_file,imported_module,import_kind
claimweb/constraints/compile.py,claimweb.constraints.double_entry,internal
claimweb/constraints/compile.py,claimweb.constraints.flow_funds,internal
claimweb/constraints/compile.py,claimweb.constraints.kcl,internal
claimweb/constraints/compile.py,claimweb.constraints.sectoral,internal
claimweb/constraints/compile.py,dataclasses,external
claimweb/constraints/compile.py,decimal,external
claimweb/constraints/double_entry.py,claimweb.constraints.kcl,internal
claimweb/constraints/double_entry.py,claimweb.fetchers.base,internal
claimweb/constraints/double_entry.py,re,external
claimweb/constraints/double_entry.py,dataclasses,external
claimweb/constraints/double_entry.py,decimal,external
claimweb/constraints/flow_funds.py,claimweb.constraints.kcl,internal
claimweb/constraints/flow_funds.py,claimweb.fetchers.base,internal
claimweb/constraints/flow_funds.py,re,external
claimweb/constraints/flow_funds.py,dataclasses,external
claimweb/constraints/flow_funds.py,decimal,external
claimweb/constraints/kcl.py,claimweb.fetchers.base,internal
claimweb/constraints/kcl.py,re,external
claimweb/constraints/kcl.py,dataclasses,external
claimweb/constraints/kcl.py,decimal,external
claimweb/constraints/kcl.py,typing,external
claimweb/constraints/sectoral.py,claimweb.constraints.kcl,internal
claimweb/constraints/sectoral.py,claimweb.fetchers.base,internal
claimweb/constraints/sectoral.py,re,external
claimweb/constraints/sectoral.py,dataclasses,external
claimweb/constraints/sectoral.py,decimal,external
claimweb/constraints/sectoral.py,typing,external
claimweb/fetchers/base.py,hashlib,external
claimweb/fetchers/base.py,re,external
claimweb/fetchers/base.py,abc,external
claimweb/fetchers/base.py,dataclasses,external
claimweb/fetchers/base.py,decimal,external
claimweb/fetchers/base.py,enum,external
claimweb/fetchers/base.py,pathlib,external
claimweb/fetchers/base.py,typing,external
claimweb/fetchers/fhlb_combined.py,claimweb.fetchers.base,internal
claimweb/fetchers/fhlb_combined.py,json,external
claimweb/fetchers/fhlb_combined.py,logging,external
claimweb/fetchers/fhlb_combined.py,re,external
claimweb/fetchers/fhlb_combined.py,unicodedata,external
claimweb/fetchers/fhlb_combined.py,decimal,external
claimweb/fetchers/fhlb_combined.py,pathlib,external
claimweb/fetchers/fhlb_combined.py,typing,external
claimweb/fetchers/fhlb_combined.py,httpx,external
claimweb/fetchers/fhlb_combined.py,pdfplumber,external
claimweb/fetchers/fhlb_combined.py,bs4,external
claimweb/fetchers/frb_efa_fabs.py,claimweb.fetchers.base,internal
claimweb/fetchers/frb_efa_fabs.py,csv,external
claimweb/fetchers/frb_efa_fabs.py,io,external
claimweb/fetchers/frb_efa_fabs.py,json,external
claimweb/fetchers/frb_efa_fabs.py,logging,external
claimweb/fetchers/frb_efa_fabs.py,datetime,external
claimweb/fetchers/frb_efa_fabs.py,decimal,external
claimweb/fetchers/frb_efa_fabs.py,pathlib,external
claimweb/fetchers/frb_efa_fabs.py,typing,external
claimweb/fetchers/frb_efa_fabs.py,httpx,external
claimweb/fetchers/naic_schedule_d.py,claimweb.fetchers.base,internal
claimweb/fetchers/naic_schedule_d.py,contextlib,external
claimweb/fetchers/naic_schedule_d.py,csv,external
claimweb/fetchers/naic_schedule_d.py,io,external
claimweb/fetchers/naic_schedule_d.py,json,external
claimweb/fetchers/naic_schedule_d.py,logging,external
claimweb/fetchers/naic_schedule_d.py,re,external
claimweb/fetchers/naic_schedule_d.py,time,external
claimweb/fetchers/naic_schedule_d.py,datetime,external
claimweb/fetchers/naic_schedule_d.py,decimal,external
claimweb/fetchers/naic_schedule_d.py,pathlib,external
claimweb/fetchers/naic_schedule_d.py,typing,external
claimweb/fetchers/naic_schedule_d.py,httpx,external
claimweb/fetchers/naic_schedule_s.py,claimweb.fetchers.base,internal
claimweb/fetchers/naic_schedule_s.py,contextlib,external
claimweb/fetchers/naic_schedule_s.py,csv,external
claimweb/fetchers/naic_schedule_s.py,io,external
claimweb/fetchers/naic_schedule_s.py,json,external
claimweb/fetchers/naic_schedule_s.py,logging,external
claimweb/fetchers/naic_schedule_s.py,re,external
claimweb/fetchers/naic_schedule_s.py,time,external
claimweb/fetchers/naic_schedule_s.py,datetime,external
claimweb/fetchers/naic_schedule_s.py,decimal,external
claimweb/fetchers/naic_schedule_s.py,pathlib,external
claimweb/fetchers/naic_schedule_s.py,typing,external
claimweb/fetchers/naic_schedule_s.py,httpx,external
claimweb/fetchers/sec_13f.py,claimweb.fetchers.base,internal
claimweb/fetchers/sec_13f.py,contextlib,external
claimweb/fetchers/sec_13f.py,json,external
claimweb/fetchers/sec_13f.py,logging,external
claimweb/fetchers/sec_13f.py,re,external
claimweb/fetchers/sec_13f.py,time,external
claimweb/fetchers/sec_13f.py,xml,external
claimweb/fetchers/sec_13f.py,datetime,external
claimweb/fetchers/sec_13f.py,decimal,external
claimweb/fetchers/sec_13f.py,pathlib,external
claimweb/fetchers/sec_13f.py,typing,external
claimweb/fetchers/sec_13f.py,httpx,external
claimweb/fetchers/sec_adv.py,claimweb.fetchers.base,internal
claimweb/fetchers/sec_adv.py,contextlib,external
claimweb/fetchers/sec_adv.py,csv,external
claimweb/fetchers/sec_adv.py,io,external
claimweb/fetchers/sec_adv.py,logging,external
claimweb/fetchers/sec_adv.py,re,external
claimweb/fetchers/sec_adv.py,time,external
claimweb/fetchers/sec_adv.py,zipfile,external
claimweb/fetchers/sec_adv.py,datetime,external
claimweb/fetchers/sec_adv.py,decimal,external
claimweb/fetchers/sec_adv.py,pathlib,external
claimweb/fetchers/sec_adv.py,typing,external
claimweb/fetchers/sec_adv.py,httpx,external
claimweb/fetchers/sec_nmfp.py,claimweb.fetchers.base,internal
claimweb/fetchers/sec_nmfp.py,contextlib,external
claimweb/fetchers/sec_nmfp.py,json,external
claimweb/fetchers/sec_nmfp.py,logging,external
claimweb/fetchers/sec_nmfp.py,re,external
claimweb/fetchers/sec_nmfp.py,time,external
claimweb/fetchers/sec_nmfp.py,xml,external
claimweb/fetchers/sec_nmfp.py,datetime,external
claimweb/fetchers/sec_nmfp.py,decimal,external
claimweb/fetchers/sec_nmfp.py,pathlib,external
claimweb/fetchers/sec_nmfp.py,typing,external
claimweb/fetchers/sec_nmfp.py,httpx,external
claimweb/fetchers/sec_xbrl.py,claimweb.fetchers.base,internal
claimweb/fetchers/sec_xbrl.py,json,external
claimweb/fetchers/sec_xbrl.py,logging,external
claimweb/fetchers/sec_xbrl.py,datetime,external
claimweb/fetchers/sec_xbrl.py,decimal,external
claimweb/fetchers/sec_xbrl.py,pathlib,external
claimweb/fetchers/sec_xbrl.py,typing,external
claimweb/fetchers/sec_xbrl.py,httpx,external
claimweb/fetchers/z1.py,claimweb.fetchers.base,internal
claimweb/fetchers/z1.py,csv,external
claimweb/fetchers/z1.py,io,external
claimweb/fetchers/z1.py,json,external
claimweb/fetchers/z1.py,logging,external
claimweb/fetchers/z1.py,datetime,external
claimweb/fetchers/z1.py,decimal,external
claimweb/fetchers/z1.py,pathlib,external
claimweb/fetchers/z1.py,typing,external
claimweb/fetchers/z1.py,httpx,external
claimweb/reconstruct/min_density.py,above,external
tests/fixtures/fhlb_combined/generate_fixture.py,hashlib,external
tests/fixtures/fhlb_combined/generate_fixture.py,pathlib,external
tests/unit/test_compile.py,claimweb.constraints.compile,internal
tests/unit/test_compile.py,claimweb.constraints.double_entry,internal
tests/unit/test_compile.py,claimweb.constraints.flow_funds,internal
tests/unit/test_compile.py,claimweb.constraints.kcl,internal
tests/unit/test_compile.py,claimweb.constraints.sectoral,internal
tests/unit/test_compile.py,claimweb.fetchers.base,internal
tests/unit/test_compile.py,decimal,external
tests/unit/test_compile.py,pytest,external
tests/unit/test_compile.py,hypothesis,external
tests/unit/test_compile.py,hypothesis,external
tests/unit/test_double_entry.py,claimweb.constraints.double_entry,internal
tests/unit/test_double_entry.py,claimweb.constraints.kcl,internal
tests/unit/test_double_entry.py,claimweb.fetchers.base,internal
tests/unit/test_double_entry.py,decimal,external
tests/unit/test_double_entry.py,pytest,external
tests/unit/test_double_entry.py,hypothesis,external
tests/unit/test_double_entry.py,hypothesis,external
tests/unit/test_fetchers_base.py,claimweb.fetchers.base,internal
tests/unit/test_fetchers_base.py,json,external
tests/unit/test_fetchers_base.py,decimal,external
tests/unit/test_fetchers_base.py,pathlib,external
tests/unit/test_fetchers_base.py,pytest,external
tests/unit/test_fetchers_base.py,hypothesis,external
tests/unit/test_fetchers_base.py,hypothesis,external
tests/unit/test_fhlb_combined.py,claimweb.fetchers.base,internal
tests/unit/test_fhlb_combined.py,claimweb.fetchers.fhlb_combined,internal
tests/unit/test_fhlb_combined.py,hashlib,external
tests/unit/test_fhlb_combined.py,json,external
tests/unit/test_fhlb_combined.py,decimal,external
tests/unit/test_fhlb_combined.py,pathlib,external
tests/unit/test_fhlb_combined.py,unittest,external
tests/unit/test_fhlb_combined.py,pytest,external
tests/unit/test_fhlb_combined.py,hypothesis,external
tests/unit/test_fhlb_combined.py,hypothesis,external
tests/unit/test_flow_funds.py,claimweb.constraints.flow_funds,internal
tests/unit/test_flow_funds.py,claimweb.constraints.kcl,internal
tests/unit/test_flow_funds.py,claimweb.fetchers.base,internal
tests/unit/test_flow_funds.py,decimal,external
tests/unit/test_flow_funds.py,pytest,external
tests/unit/test_flow_funds.py,hypothesis,external
tests/unit/test_flow_funds.py,hypothesis,external
tests/unit/test_frb_efa_fabs.py,claimweb.fetchers.base,internal
tests/unit/test_frb_efa_fabs.py,claimweb.fetchers.frb_efa_fabs,internal
tests/unit/test_frb_efa_fabs.py,hashlib,external
tests/unit/test_frb_efa_fabs.py,json,external
tests/unit/test_frb_efa_fabs.py,tempfile,external
tests/unit/test_frb_efa_fabs.py,datetime,external
tests/unit/test_frb_efa_fabs.py,decimal,external
tests/unit/test_frb_efa_fabs.py,pathlib,external
tests/unit/test_frb_efa_fabs.py,unittest,external
tests/unit/test_frb_efa_fabs.py,pytest,external
tests/unit/test_frb_efa_fabs.py,hypothesis,external
tests/unit/test_frb_efa_fabs.py,hypothesis,external
tests/unit/test_kcl.py,claimweb.constraints.kcl,internal
tests/unit/test_kcl.py,claimweb.fetchers.base,internal
tests/unit/test_kcl.py,decimal,external
tests/unit/test_kcl.py,pytest,external
tests/unit/test_kcl.py,hypothesis,external
tests/unit/test_kcl.py,hypothesis,external
tests/unit/test_naic_schedule_d.py,claimweb.fetchers.base,internal
tests/unit/test_naic_schedule_d.py,claimweb.fetchers.naic_schedule_d,internal
tests/unit/test_naic_schedule_d.py,csv,external
tests/unit/test_naic_schedule_d.py,hashlib,external
tests/unit/test_naic_schedule_d.py,io,external
tests/unit/test_naic_schedule_d.py,json,external
tests/unit/test_naic_schedule_d.py,tempfile,external
tests/unit/test_naic_schedule_d.py,decimal,external
tests/unit/test_naic_schedule_d.py,pathlib,external
tests/unit/test_naic_schedule_d.py,unittest,external
tests/unit/test_naic_schedule_d.py,pytest,external
tests/unit/test_naic_schedule_d.py,hypothesis,external
tests/unit/test_naic_schedule_d.py,hypothesis,external
tests/unit/test_naic_schedule_s.py,claimweb.fetchers.base,internal
tests/unit/test_naic_schedule_s.py,claimweb.fetchers.naic_schedule_s,internal
tests/unit/test_naic_schedule_s.py,csv,external
tests/unit/test_naic_schedule_s.py,hashlib,external
tests/unit/test_naic_schedule_s.py,io,external
tests/unit/test_naic_schedule_s.py,json,external
tests/unit/test_naic_schedule_s.py,tempfile,external
tests/unit/test_naic_schedule_s.py,decimal,external
tests/unit/test_naic_schedule_s.py,pathlib,external
tests/unit/test_naic_schedule_s.py,unittest,external
tests/unit/test_naic_schedule_s.py,pytest,external
tests/unit/test_naic_schedule_s.py,hypothesis,external
tests/unit/test_naic_schedule_s.py,hypothesis,external
tests/unit/test_package_skeleton.py,importlib,external
tests/unit/test_package_skeleton.py,pytest,external
tests/unit/test_sec_13f.py,claimweb.fetchers.base,internal
tests/unit/test_sec_13f.py,claimweb.fetchers.sec_13f,internal
tests/unit/test_sec_13f.py,hashlib,external
tests/unit/test_sec_13f.py,json,external
tests/unit/test_sec_13f.py,tempfile,external
tests/unit/test_sec_13f.py,xml,external
tests/unit/test_sec_13f.py,datetime,external
tests/unit/test_sec_13f.py,decimal,external
tests/unit/test_sec_13f.py,pathlib,external
tests/unit/test_sec_13f.py,unittest,external
tests/unit/test_sec_13f.py,pytest,external
tests/unit/test_sec_13f.py,hypothesis,external
tests/unit/test_sec_13f.py,hypothesis,external
tests/unit/test_sec_adv.py,claimweb.fetchers.base,internal
tests/unit/test_sec_adv.py,claimweb.fetchers.sec_adv,internal
tests/unit/test_sec_adv.py,csv,external
tests/unit/test_sec_adv.py,hashlib,external
tests/unit/test_sec_adv.py,io,external
tests/unit/test_sec_adv.py,tempfile,external
tests/unit/test_sec_adv.py,zipfile,external
tests/unit/test_sec_adv.py,decimal,external
tests/unit/test_sec_adv.py,pathlib,external
tests/unit/test_sec_adv.py,unittest,external
tests/unit/test_sec_adv.py,pytest,external
tests/unit/test_sec_adv.py,hypothesis,external
tests/unit/test_sec_adv.py,hypothesis,external
tests/unit/test_sec_nmfp.py,claimweb.fetchers.base,internal
tests/unit/test_sec_nmfp.py,claimweb.fetchers.sec_nmfp,internal
tests/unit/test_sec_nmfp.py,hashlib,external
tests/unit/test_sec_nmfp.py,json,external
tests/unit/test_sec_nmfp.py,tempfile,external
tests/unit/test_sec_nmfp.py,xml,external
tests/unit/test_sec_nmfp.py,datetime,external
tests/unit/test_sec_nmfp.py,decimal,external
tests/unit/test_sec_nmfp.py,pathlib,external
tests/unit/test_sec_nmfp.py,unittest,external
tests/unit/test_sec_nmfp.py,pytest,external
tests/unit/test_sec_nmfp.py,hypothesis,external
tests/unit/test_sec_nmfp.py,hypothesis,external
tests/unit/test_sec_xbrl.py,claimweb.fetchers.base,internal
tests/unit/test_sec_xbrl.py,claimweb.fetchers.sec_xbrl,internal
tests/unit/test_sec_xbrl.py,hashlib,external
tests/unit/test_sec_xbrl.py,json,external
tests/unit/test_sec_xbrl.py,datetime,external
tests/unit/test_sec_xbrl.py,decimal,external
tests/unit/test_sec_xbrl.py,pathlib,external
tests/unit/test_sec_xbrl.py,unittest,external
tests/unit/test_sec_xbrl.py,pytest,external
tests/unit/test_sec_xbrl.py,hypothesis,external
tests/unit/test_sec_xbrl.py,hypothesis,external
tests/unit/test_sectoral.py,claimweb.constraints.kcl,internal
tests/unit/test_sectoral.py,claimweb.constraints.sectoral,internal
tests/unit/test_sectoral.py,claimweb.fetchers.base,internal
tests/unit/test_sectoral.py,decimal,external
tests/unit/test_sectoral.py,typing,external
tests/unit/test_sectoral.py,pytest,external
tests/unit/test_sectoral.py,hypothesis,external
tests/unit/test_sectoral.py,hypothesis,external
tests/unit/test_z1.py,claimweb.fetchers.base,internal
tests/unit/test_z1.py,claimweb.fetchers.z1,internal
tests/unit/test_z1.py,hashlib,external
tests/unit/test_z1.py,json,external
tests/unit/test_z1.py,decimal,external
tests/unit/test_z1.py,pathlib,external
tests/unit/test_z1.py,unittest,external
tests/unit/test_z1.py,pytest,external
tests/unit/test_z1.py,hypothesis,external
tests/unit/test_z1.py,hypothesis,external
