fetcher_id,url_pattern,is_placeholder,evidence_string,can_reach_live
fhlb_combined,https://www.fhlb-of.com/ofweb_userWeb/pageBuilder/fhlbank-financial-data-36,FALSE,"fhlb_combined.py:49 INDEX_URL; CHANGELOG PR #3 L862-863: data-source-investigator successful (confirmed URL pattern and PDF structure)",YES (real public endpoint; validated)
frb_efa_fabs,https://www.federalreserve.gov/releases/efa/fabs-chart-data-historical.txt,FALSE,"frb_efa_fabs.py:74-75 _EFA_FABS_URL; CHANGELOG PR #11 L416-418: data-source-investigator confirmed format (billions vs millions; FABCP quarterly NA)",YES (real public endpoint; validated)
naic_schedule_d,https://iid.iowa.gov (and https://content.naic.org/cis),TRUE,"naic_schedule_d.py:117-120; CHANGELOG PR #16 L122-123: 'Iowa IID and NAIC CIS portal URLs in the fetcher are approximations used as placeholders for the actual portal interactions'",NO (placeholder per CHANGELOG)
naic_schedule_s,https://iid.iowa.gov (and https://content.naic.org/cis),TRUE,"naic_schedule_s.py:116-119; CHANGELOG PR #14 L210-214: 'data-source-investigator agent ran out of turns before producing its final characterization report. Implementation proceeded from project plan §10.3 and NAIC blank schedule format documentation.'",NO (placeholder per CHANGELOG)
sec_13f,https://data.sec.gov/submissions/CIK{cik}.json + https://www.sec.gov/Archives/edgar/data/...,FALSE (URLs are real),"sec_13f.py:91-92; CHANGELOG PR #17 L65-68: 'EDGAR was not reachable from the sandbox environment; the agent confirmed the approach based on documentation research.'",UNVERIFIED (real public endpoints; never tested against live API from this codebase's environment)
sec_adv,https://www.sec.gov/investment/form-adv-data + https://efts.sec.gov/LATEST/search-index?forms=ADV,FALSE,"sec_adv.py:112,116; CHANGELOG PR #13 L283-285: 'Data-source-investigator agent launched but ran out of turns before producing a final structured report; implementation proceeded from project plan §10.6 documentation'",UNVERIFIED (real public endpoints; subagent didn't validate)
sec_nmfp,https://efts.sec.gov/LATEST/search-index + https://data.sec.gov/submissions/CIK{cik}.json + https://www.sec.gov/Archives/edgar/data,FALSE,"sec_nmfp.py:91-93; CHANGELOG PR #12 L353-355: 'Data-source-investigator agent was unable to fetch live EDGAR data due to network restrictions in the execution environment'",UNVERIFIED (real public endpoints; never live-tested)
sec_xbrl,https://data.sec.gov/api/xbrl/companyfacts/CIK{cik}.json,FALSE,"sec_xbrl.py:68 _COMPANYFACTS_URL; CHANGELOG PR #7 entry — no live-data flag raised; this endpoint reused from FSR Dashboard fetchers per project plan §10.2 cross-reference",YES (real public endpoint; well-established)
z1,https://www.federalreserve.gov/datadownload/Output.aspx (FRB Data Download Program),FALSE,"z1.py:74; CHANGELOG PR #5 entry — no live-data flag raised; FRB DDP is well-documented public API",YES (real public endpoint)
